source_id,original_batch,original_name,file_type,size_bytes,modified_time,sha256,version_guess,duplicate_group,classification,destination,status_at_migration
SRC-604-GN-202609-001,1Downloads,1.1 通用说明 R2026.09.01.doc,DOC,1180160,2026-09-25 14:00:24,63b9fd721fdc0a91318f02711ceaccf448273c234c1ec815d73c6b6b937232d3,R2026.09.01,DUP-604-001,公共母版主件,E:\600-工作台数据库\604-结构总说明\raw\00-待导入\2026-09-01-结构总说明母版组件包\01-通用说明__R2026.09.01__source.doc,pending_approval
SRC-604-GN-202609-001-D01,1Downloads,1.1 通用说明 R2026.09.01 (1).doc,DOC,1180160,2026-09-25 14:00:25,63b9fd721fdc0a91318f02711ceaccf448273c234c1ec815d73c6b6b937232d3,R2026.09.01,DUP-604-001,重复件,E:\600-工作台数据库\604-结构总说明\raw\00-待导入\2026-09-01-结构总说明母版组件包\01-通用说明__R2026.09.01__duplicate-01.doc,duplicate
SRC-604-GN-202609-002,1Downloads,2.1 地基基础 R2026.09.01.doc,DOC,386048,2026-09-25 14:00:27,e6d14e9ceb567c8b6f6e4cfff8366998e4b28ae168c1e362e7adf0d7889c7931,R2026.09.01,,公共母版主件,E:\600-工作台数据库\604-结构总说明\raw\00-待导入\2026-09-01-结构总说明母版组件包\02-地基基础__R2026.09.01__source.doc,pending_approval
SRC-604-GN-202609-003,1Downloads,3.1 混凝土结构 R2026.09.01.doc,DOC,623104,2026-09-25 14:00:28,34aead562b73681dcd2a73075a99276a1f1425960054cc23a3d837da2474c91a,R2026.09.01,,公共母版主件,E:\600-工作台数据库\604-结构总说明\raw\00-待导入\2026-09-01-结构总说明母版组件包\03-混凝土结构__R2026.09.01__source.doc,pending_approval
SRC-604-GN-202607-004,1Downloads,3.2 钢结构 R2026.07.09.docx,DOCX,102036,2026-09-25 14:00:30,19dc24a624ecd0dd1062012fe3ca1e1d284d58e3cc2103d52ec37e30d6725949,R2026.07.09,,公共母版主件,E:\600-工作台数据库\604-结构总说明\raw\00-待导入\2026-09-01-结构总说明母版组件包\04-钢结构__R2026.07.09__source.docx,pending_approval
SRC-604-GN-202512-005,1Downloads,3.3 砌体结构 R2025.12.30.doc,DOC,173056,2026-09-25 14:00:32,a35145bb184ac4f94fa4d6c0a90a96126b54a2cdcb9075d162e0daf8a44c02b5,R2025.12.30,,公共母版主件,E:\600-工作台数据库\604-结构总说明\raw\00-待导入\2026-09-01-结构总说明母版组件包\05-砌体结构__R2025.12.30__source.doc,pending_approval
SRC-604-GN-202512-006,1Downloads,4.1 绿色建筑设计专篇（结构专业） R2025.12.30.doc,DOC,134656,2026-09-25 14:00:35,aec71e14ad586f3b8b808ec016aa459e3042ca5172331cb2fdeb7c9cd66e5a13,R2025.12.30,DUP-604-002,公共母版主件,E:\600-工作台数据库\604-结构总说明\raw\00-待导入\2026-09-01-结构总说明母版组件包\06-绿色建筑设计专篇-结构专业__R2025.12.30__source.doc,pending_approval
SRC-604-GN-202512-006-D01,1Downloads,4.1 绿色建筑设计专篇（结构专业） R2025.12.30 (1).doc,DOC,134656,2026-09-25 14:00:35,aec71e14ad586f3b8b808ec016aa459e3042ca5172331cb2fdeb7c9cd66e5a13,R2025.12.30,DUP-604-002,重复件,E:\600-工作台数据库\604-结构总说明\raw\00-待导入\2026-09-01-结构总说明母版组件包\06-绿色建筑设计专篇-结构专业__R2025.12.30__duplicate-01.doc,duplicate
SRC-604-GN-202608-007,1Downloads,5.1 装配式混凝土结构 R2026.08.21.docx,DOCX,311015,2026-09-25 14:00:36,e37456100ef0160699f7823cc9a1adc2bc820a45f5924ad95821c9b1d7dba016,R2026.08.21,,公共母版主件,E:\600-工作台数据库\604-结构总说明\raw\00-待导入\2026-09-01-结构总说明母版组件包\07-装配式混凝土结构__R2026.08.21__source.docx,pending_approval
SRC-604-GN-202605-008,1Downloads,6.1~6.3 隔震-消能减震-结构健康监测设计专篇 R2026.05.29.docx,DOCX,86171,2026-09-25 14:00:37,8b92c853572a3f9740c755cf9c2df1374cfd1607b432daf1371eed20b2abdc54,R2026.05.29,,公共母版主件,E:\600-工作台数据库\604-结构总说明\raw\00-待导入\2026-09-01-结构总说明母版组件包\08-隔震-消能减震-结构健康监测设计专篇__R2026.05.29__source.docx,pending_approval
SRC-604-GN-202604-009,1Downloads,7.1 专项设计技术要求（结构专业） R2026.04.28.doc,DOC,134656,2026-09-25 14:00:39,ff7899c99b49d66c7827cd12c53736f85b973a01e1aa696f90e5883fc16caccf,R2026.04.28,,公共母版主件,E:\600-工作台数据库\604-结构总说明\raw\00-待导入\2026-09-01-结构总说明母版组件包\09-专项设计技术要求-结构专业__R2026.04.28__source.doc,pending_approval
SRC-604-GN-202605-010,1Downloads,8.1~8.5 即有建筑加固改造 R2026.05.29.doc,DOC,1093632,2026-09-25 14:00:41,35c51e10092e3955e78c5bbd0c8f4ae56103ffe02cebf017cdbbf15e89063f36,R2026.05.29,,公共母版主件,E:\600-工作台数据库\604-结构总说明\raw\00-待导入\2026-09-01-结构总说明母版组件包\10-既有建筑加固改造-通用至钢结构加固__R2026.05.29__source.doc,pending_approval
SRC-602-JNU-GN-20260529-001,01 大总体-江南大学,江南大学通用说明.doc,DOC,413184,2026-07-09 10:29:54,75223b27ef11d0fec9f8c256db951edfe81a5da527aca52587c84eba4efcd239,R2026.05.29,,历史项目可编辑文件,E:\600-工作台数据库\602-项目\raw\00-待归档\江南大学江阴校区二期建设工程\施工图结构总说明\01-通用说明__R2026.05.29__project.doc,pending_metadata
SRC-602-JNU-GN-20260529-002,01 大总体-江南大学,江南大学地基基础说明.doc,DOC,214528,2026-07-09 10:09:28,ab4151a1e479fb456081d85fb93c0a57ed6caab64485ba9744e042753a4b5bb4,R2026.05.29,,历史项目可编辑文件,E:\600-工作台数据库\602-项目\raw\00-待归档\江南大学江阴校区二期建设工程\施工图结构总说明\02-地基基础__R2026.05.29__project.doc,pending_metadata
SRC-602-JNU-GN-20260529-003,01 大总体-江南大学,江南大学混凝土结构说明.doc,DOC,279040,2026-07-09 16:07:41,356a4c43b151cbdb90db13f2e145ab2666d31a3979aa44ac316a32c93ea498f4,R2026.05.29,,历史项目可编辑文件,E:\600-工作台数据库\602-项目\raw\00-待归档\江南大学江阴校区二期建设工程\施工图结构总说明\03-混凝土结构__R2026.05.29__project.doc,pending_metadata
SRC-602-XA-GN-202404-001,结构,通用说明.pdf,PDF,854242,2025-12-04 11:29:02,892d28be54a5024e9703d344a7864313b4b8ede654fafa32dbe01f120d36bdee,R2024.04,,历史项目PDF成果,E:\600-工作台数据库\602-项目\raw\00-待归档\中国人民大学雄安示范基地\施工图结构总说明\01-通用说明__R2024.04__result.pdf,pending_metadata
SRC-602-XA-GN-202404-002,结构,地基基础.pdf,PDF,327461,2025-12-08 16:54:35,5929bcb4027704f6d8bf20750b799cb8e6a655b08a716554c293fb138b4d2aeb,R2024.04,,历史项目PDF成果,E:\600-工作台数据库\602-项目\raw\00-待归档\中国人民大学雄安示范基地\施工图结构总说明\02-地基基础__R2024.04__result.pdf,pending_metadata
SRC-602-XA-GN-202404-003,结构,混凝土结构.pdf,PDF,717420,2025-12-03 09:49:52,6c38621b13ef1c23a7b7703772a21962e977ae3bebcb98ce38bce36a6cc14e49,R2024.04,,历史项目PDF成果,E:\600-工作台数据库\602-项目\raw\00-待归档\中国人民大学雄安示范基地\施工图结构总说明\03-混凝土结构__R2024.04__result.pdf,pending_metadata
SRC-602-XA-GN-202410-004,结构,钢结构.pdf,PDF,544977,2025-10-26 16:44:22,56ab1960f8c057dc517f1a76713c3b2af77226f0c7404d7fc819ae92730be6c9,R2024.10A,,历史项目PDF成果,E:\600-工作台数据库\602-项目\raw\00-待归档\中国人民大学雄安示范基地\施工图结构总说明\04-钢结构__R2024.10A__result.pdf,pending_metadata
