migration_id,source_id,from_batch,to_repository,destination,pre_sha256,post_sha256,verified,result
MIG-604-20260925-01,SRC-604-GN-202609-001,1Downloads,604,E:\600-工作台数据库\604-结构总说明\raw\00-待导入\2026-09-01-结构总说明母版组件包\01-通用说明__R2026.09.01__source.doc,63b9fd721fdc0a91318f02711ceaccf448273c234c1ec815d73c6b6b937232d3,63b9fd721fdc0a91318f02711ceaccf448273c234c1ec815d73c6b6b937232d3,true,moved
MIG-604-20260925-01,SRC-604-GN-202609-001-D01,1Downloads,604,E:\600-工作台数据库\604-结构总说明\raw\00-待导入\2026-09-01-结构总说明母版组件包\01-通用说明__R2026.09.01__duplicate-01.doc,63b9fd721fdc0a91318f02711ceaccf448273c234c1ec815d73c6b6b937232d3,63b9fd721fdc0a91318f02711ceaccf448273c234c1ec815d73c6b6b937232d3,true,moved
MIG-604-20260925-01,SRC-604-GN-202609-002,1Downloads,604,E:\600-工作台数据库\604-结构总说明\raw\00-待导入\2026-09-01-结构总说明母版组件包\02-地基基础__R2026.09.01__source.doc,e6d14e9ceb567c8b6f6e4cfff8366998e4b28ae168c1e362e7adf0d7889c7931,e6d14e9ceb567c8b6f6e4cfff8366998e4b28ae168c1e362e7adf0d7889c7931,true,moved
MIG-604-20260925-01,SRC-604-GN-202609-003,1Downloads,604,E:\600-工作台数据库\604-结构总说明\raw\00-待导入\2026-09-01-结构总说明母版组件包\03-混凝土结构__R2026.09.01__source.doc,34aead562b73681dcd2a73075a99276a1f1425960054cc23a3d837da2474c91a,34aead562b73681dcd2a73075a99276a1f1425960054cc23a3d837da2474c91a,true,moved
MIG-604-20260925-01,SRC-604-GN-202607-004,1Downloads,604,E:\600-工作台数据库\604-结构总说明\raw\00-待导入\2026-09-01-结构总说明母版组件包\04-钢结构__R2026.07.09__source.docx,19dc24a624ecd0dd1062012fe3ca1e1d284d58e3cc2103d52ec37e30d6725949,19dc24a624ecd0dd1062012fe3ca1e1d284d58e3cc2103d52ec37e30d6725949,true,moved
MIG-604-20260925-01,SRC-604-GN-202512-005,1Downloads,604,E:\600-工作台数据库\604-结构总说明\raw\00-待导入\2026-09-01-结构总说明母版组件包\05-砌体结构__R2025.12.30__source.doc,a35145bb184ac4f94fa4d6c0a90a96126b54a2cdcb9075d162e0daf8a44c02b5,a35145bb184ac4f94fa4d6c0a90a96126b54a2cdcb9075d162e0daf8a44c02b5,true,moved
MIG-604-20260925-01,SRC-604-GN-202512-006,1Downloads,604,E:\600-工作台数据库\604-结构总说明\raw\00-待导入\2026-09-01-结构总说明母版组件包\06-绿色建筑设计专篇-结构专业__R2025.12.30__source.doc,aec71e14ad586f3b8b808ec016aa459e3042ca5172331cb2fdeb7c9cd66e5a13,aec71e14ad586f3b8b808ec016aa459e3042ca5172331cb2fdeb7c9cd66e5a13,true,moved
MIG-604-20260925-01,SRC-604-GN-202512-006-D01,1Downloads,604,E:\600-工作台数据库\604-结构总说明\raw\00-待导入\2026-09-01-结构总说明母版组件包\06-绿色建筑设计专篇-结构专业__R2025.12.30__duplicate-01.doc,aec71e14ad586f3b8b808ec016aa459e3042ca5172331cb2fdeb7c9cd66e5a13,aec71e14ad586f3b8b808ec016aa459e3042ca5172331cb2fdeb7c9cd66e5a13,true,moved
MIG-604-20260925-01,SRC-604-GN-202608-007,1Downloads,604,E:\600-工作台数据库\604-结构总说明\raw\00-待导入\2026-09-01-结构总说明母版组件包\07-装配式混凝土结构__R2026.08.21__source.docx,e37456100ef0160699f7823cc9a1adc2bc820a45f5924ad95821c9b1d7dba016,e37456100ef0160699f7823cc9a1adc2bc820a45f5924ad95821c9b1d7dba016,true,moved
MIG-604-20260925-01,SRC-604-GN-202605-008,1Downloads,604,E:\600-工作台数据库\604-结构总说明\raw\00-待导入\2026-09-01-结构总说明母版组件包\08-隔震-消能减震-结构健康监测设计专篇__R2026.05.29__source.docx,8b92c853572a3f9740c755cf9c2df1374cfd1607b432daf1371eed20b2abdc54,8b92c853572a3f9740c755cf9c2df1374cfd1607b432daf1371eed20b2abdc54,true,moved
MIG-604-20260925-01,SRC-604-GN-202604-009,1Downloads,604,E:\600-工作台数据库\604-结构总说明\raw\00-待导入\2026-09-01-结构总说明母版组件包\09-专项设计技术要求-结构专业__R2026.04.28__source.doc,ff7899c99b49d66c7827cd12c53736f85b973a01e1aa696f90e5883fc16caccf,ff7899c99b49d66c7827cd12c53736f85b973a01e1aa696f90e5883fc16caccf,true,moved
MIG-604-20260925-01,SRC-604-GN-202605-010,1Downloads,604,E:\600-工作台数据库\604-结构总说明\raw\00-待导入\2026-09-01-结构总说明母版组件包\10-既有建筑加固改造-通用至钢结构加固__R2026.05.29__source.doc,35c51e10092e3955e78c5bbd0c8f4ae56103ffe02cebf017cdbbf15e89063f36,35c51e10092e3955e78c5bbd0c8f4ae56103ffe02cebf017cdbbf15e89063f36,true,moved
MIG-602-20260925-01,SRC-602-JNU-GN-20260529-001,01 大总体-江南大学,602,E:\600-工作台数据库\602-项目\raw\00-待归档\江南大学江阴校区二期建设工程\施工图结构总说明\01-通用说明__R2026.05.29__project.doc,75223b27ef11d0fec9f8c256db951edfe81a5da527aca52587c84eba4efcd239,75223b27ef11d0fec9f8c256db951edfe81a5da527aca52587c84eba4efcd239,true,moved
MIG-602-20260925-01,SRC-602-JNU-GN-20260529-002,01 大总体-江南大学,602,E:\600-工作台数据库\602-项目\raw\00-待归档\江南大学江阴校区二期建设工程\施工图结构总说明\02-地基基础__R2026.05.29__project.doc,ab4151a1e479fb456081d85fb93c0a57ed6caab64485ba9744e042753a4b5bb4,ab4151a1e479fb456081d85fb93c0a57ed6caab64485ba9744e042753a4b5bb4,true,moved
MIG-602-20260925-01,SRC-602-JNU-GN-20260529-003,01 大总体-江南大学,602,E:\600-工作台数据库\602-项目\raw\00-待归档\江南大学江阴校区二期建设工程\施工图结构总说明\03-混凝土结构__R2026.05.29__project.doc,356a4c43b151cbdb90db13f2e145ab2666d31a3979aa44ac316a32c93ea498f4,356a4c43b151cbdb90db13f2e145ab2666d31a3979aa44ac316a32c93ea498f4,true,moved
MIG-602-20260925-02,SRC-602-XA-GN-202404-001,结构,602,E:\600-工作台数据库\602-项目\raw\00-待归档\中国人民大学雄安示范基地\施工图结构总说明\01-通用说明__R2024.04__result.pdf,892d28be54a5024e9703d344a7864313b4b8ede654fafa32dbe01f120d36bdee,892d28be54a5024e9703d344a7864313b4b8ede654fafa32dbe01f120d36bdee,true,moved
MIG-602-20260925-02,SRC-602-XA-GN-202404-002,结构,602,E:\600-工作台数据库\602-项目\raw\00-待归档\中国人民大学雄安示范基地\施工图结构总说明\02-地基基础__R2024.04__result.pdf,5929bcb4027704f6d8bf20750b799cb8e6a655b08a716554c293fb138b4d2aeb,5929bcb4027704f6d8bf20750b799cb8e6a655b08a716554c293fb138b4d2aeb,true,moved
MIG-602-20260925-02,SRC-602-XA-GN-202404-003,结构,602,E:\600-工作台数据库\602-项目\raw\00-待归档\中国人民大学雄安示范基地\施工图结构总说明\03-混凝土结构__R2024.04__result.pdf,6c38621b13ef1c23a7b7703772a21962e977ae3bebcb98ce38bce36a6cc14e49,6c38621b13ef1c23a7b7703772a21962e977ae3bebcb98ce38bce36a6cc14e49,true,moved
MIG-602-20260925-02,SRC-602-XA-GN-202410-004,结构,602,E:\600-工作台数据库\602-项目\raw\00-待归档\中国人民大学雄安示范基地\施工图结构总说明\04-钢结构__R2024.10A__result.pdf,56ab1960f8c057dc517f1a76713c3b2af77226f0c7404d7fc819ae92730be6c9,56ab1960f8c057dc517f1a76713c3b2af77226f0c7404d7fc819ae92730be6c9,true,moved
